psi_interval,psi_position
100:1.43,-5
200:3.49,1.42748
400:7.78,3.4925
600:12.7,7.77748
800:17.3,12.7
900:22,17.30248
,22
